homogeneity,completeness,v_measure,adjusted_mutual_information,adjusted_rand_index,fowlkes_mallows,purity,inverse_purity,k,min_size,max_size,avg_size,std_size
0.9888082506841377,0.4731535351102639,0.6400415166846113,0.3054688370055766,0.01080075965741254,0.07109797347912672,0.01854,0.97168,18792,1,15,2.6607066836951896,1.876263102511117
