homogeneity,completeness,v_measure,adjusted_mutual_information,adjusted_rand_index,fowlkes_mallows,purity,inverse_purity,k,min_size,max_size,avg_size,std_size
0.9691057358349285,0.5945306877042927,0.7369527735609986,0.5322552982548265,0.0762405759294794,0.1877398890822437,0.0812089356110381,0.9236092860271572,18792,1,15,2.6607066836951896,1.876263102511117
