homogeneity,completeness,v_measure,adjusted_mutual_information,adjusted_rand_index,fowlkes_mallows,purity,inverse_purity,k,min_size,max_size,avg_size,std_size
0.450385961724991,0.6122427243502644,0.5189875481981748,0.11264511224031964,0.03769323880266109,0.07372605854905029,0.43304843304843305,0.19943019943019943,49276,1,52,1.0146927510349866,0.38424621110408125
