homogeneity,completeness,v_measure,adjusted_mutual_information,adjusted_rand_index,fowlkes_mallows,purity,inverse_purity,k,min_size,max_size,avg_size,std_size
0.7406283327848353,0.7163612240889385,0.7282926861975568,0.054159092319224215,0.03150221862995964,0.041561074209256726,0.3532934131736527,0.39820359281437123,19779,1,17,1.011173466808231,0.2154987048360254
