homogeneity,completeness,v_measure,adjusted_mutual_information,adjusted_rand_index,fowlkes_mallows,purity,inverse_purity,k,min_size,max_size,avg_size,std_size
0.8998894214139409,0.8925262660645688,0.8961927199995224,0.5150560399523121,0.401900142995455,0.41117232360772726,0.752,0.768,19931,1,6,1.003461943705785,0.07719205600855178
