homogeneity,completeness,v_measure,adjusted_mutual_information,adjusted_rand_index,fowlkes_mallows,purity,inverse_purity,k,min_size,max_size,avg_size,std_size
0.941691103793128,0.5883669631129894,0.7242338665611938,0.5685905374060414,0.09643238356081485,0.20109740504869927,0.09903672486453943,0.9022175396347581,1902,1,59,10.515247108307046,6.309284874090608
