homogeneity,completeness,v_measure,adjusted_mutual_information,adjusted_rand_index,fowlkes_mallows,purity,inverse_purity,k,min_size,max_size,avg_size,std_size
0.017477404463847587,0.40035698491930927,0.033492700137445215,0.00788978680534474,-2.0032363972466093e-06,0.09747127093379158,0.9744800562644429,0.026725610368733044,100,1,9699,100.0,964.7634736037637
