homogeneity,completeness,v_measure,adjusted_mutual_information,adjusted_rand_index,fowlkes_mallows,purity,inverse_purity,k,min_size,max_size,avg_size,std_size
0.02408866150077593,0.3857922144211312,0.04534594614556251,0.013672320915836847,2.840240023215127e-05,0.09624239048381558,0.960770542791211,0.03140363198555232,100,1,9576,100.0,952.4571591415543
