homogeneity,completeness,v_measure,adjusted_mutual_information,adjusted_rand_index,fowlkes_mallows,purity,inverse_purity,k,min_size,max_size,avg_size,std_size
0.051842222572745095,0.2937997077869511,0.08813299837232154,0.08127871806203575,0.007434092556710185,0.09472334342409121,0.7466857026310422,0.025494595145829083,100,1,4867,100.0,669.4339997341037
