homogeneity,completeness,v_measure,adjusted_mutual_information,adjusted_rand_index,fowlkes_mallows,purity,inverse_purity,k,min_size,max_size,avg_size,std_size
0.9885008589236464,0.61587412075431,0.7589149732024402,0.6867010590236783,0.11180540946865582,0.23629533341041065,0.0921,0.96556,1793,1,100,27.88622420524261,12.347243748554055
