homogeneity,completeness,v_measure,adjusted_mutual_information,adjusted_rand_index,fowlkes_mallows,purity,inverse_purity,k,min_size,max_size,avg_size,std_size
0.21984522845351073,0.5750904942743706,0.31809087824443044,0.25564081121547466,0.01509582463200069,0.10199445906460859,0.706000200340579,0.14444555744766102,100,4,4325,100.0,569.0243404284214
